{"initial_reset_timestamp": 1562788060.94788, "timestamps": [1562788063.1438122], "episode_lengths": [23], "episode_rewards": [23.0], "episode_types": ["t"]}